"","treat_assign","prob_shirt_st","prob_joke_st","prob_meeting_st","prob_vh_st","prob_pungwe_st","prob_testify_st"
"1","TG",0.498363036178398,1.01188560083603,0.337613531626619,0.75732722158123,0.726220968207376,-0.571491023153612
"2","TG",-1.77445651123852,-0.861976622934394,-0.913772531545405,-1.40646484007943,-1.44904308632954,-0.571491023153612
"3","TG",-0.638046737530063,-0.861976622934394,-0.496643843821397,0.396695211304454,0.00113295002840458,0.142033972486319
"5","C",0.877166294081218,1.01188560083603,0.754742219350627,0.396695211304454,1.08876497729686,1.21232146594621
"6","C",0.119559778275578,-0.112431733426225,1.17187090707464,0.0360632010276775,0.00113295002840458,0.498796470306284
"7","C",0.119559778275578,-0.48720417818031,0.337613531626619,-0.685200819525875,-0.723955068150567,-0.571491023153612
"8","TG",0.498363036178398,-0.112431733426225,0.337613531626619,-0.324568809249099,-0.361411059061081,-0.214728525333647
"9","C",-0.638046737530063,-0.861976622934394,0.337613531626619,-0.324568809249099,0.00113295002840458,-0.928253520973577
"10","C",-0.259243479627243,0.262340711327859,-0.496643843821397,0.396695211304454,0.726220968207376,0.855558968126249
"14","C",0.498363036178398,-0.48720417818031,-2.16515859471743,-1.40646484007943,-1.44904308632954,-1.28501601879354
"15","TG",-0.638046737530063,-1.23674906768848,0.337613531626619,-0.324568809249099,-0.361411059061081,0.142033972486319
"16","C",-1.77445651123852,-1.23674906768848,-0.496643843821397,-1.40646484007943,-1.44904308632954,-1.28501601879354
"17","TG",0.498363036178398,-1.23674906768848,0.337613531626619,-1.40646484007943,-1.44904308632954,-1.28501601879354
"19","TG",-0.638046737530063,-0.861976622934394,-0.913772531545405,-1.04583282980265,-1.08649907724005,-0.928253520973577
"21","TG",-0.638046737530063,-0.48720417818031,0.337613531626619,0.0360632010276775,0.36367695911789,0.855558968126249
"23","C",-1.3956532533357,-0.112431733426225,-1.74802990699342,-1.04583282980265,-1.08649907724005,-0.928253520973577
"24","C",-0.259243479627243,-0.112431733426225,0.337613531626619,0.0360632010276775,0.726220968207376,0.498796470306284
"25","C",0.119559778275578,-0.112431733426225,-0.079515156097389,-0.324568809249099,-0.361411059061081,-0.214728525333647
"26","C",-0.638046737530063,-0.112431733426225,-0.079515156097389,-0.685200819525875,-1.08649907724005,-0.928253520973577
"27","C",-0.638046737530063,0.262340711327859,0.337613531626619,-1.40646484007943,-1.44904308632954,-1.28501601879354
"28","C",0.498363036178398,-1.23674906768848,-0.079515156097389,-1.40646484007943,-1.44904308632954,-1.28501601879354
"29","C",-0.638046737530063,-1.23674906768848,-0.079515156097389,-1.04583282980265,0.726220968207376,0.855558968126249
"30","TG",0.498363036178398,-0.112431733426225,-0.913772531545405,-1.04583282980265,-1.08649907724005,-0.571491023153612
"31","C",-1.3956532533357,-0.48720417818031,-1.74802990699342,-1.04583282980265,-1.08649907724005,-0.928253520973577
"32","C",-1.3956532533357,-0.861976622934394,-0.913772531545405,-1.40646484007943,-1.08649907724005,-0.928253520973577
"33","TG",-0.259243479627243,-0.112431733426225,-0.079515156097389,-0.324568809249099,-0.723955068150567,-0.214728525333647
"34","C",0.877166294081218,1.38665804559011,0.337613531626619,1.11795923185801,1.45130898638635,1.56908396376618
"35","C",0.877166294081218,0.637113156081943,0.754742219350627,0.396695211304454,0.36367695911789,0.498796470306284
"37","C",1.25596955198404,1.7614304903442,1.17187090707464,1.47859124213478,1.45130898638635,1.56908396376618
"38","C",0.119559778275578,0.637113156081943,0.754742219350627,0.75732722158123,0.726220968207376,1.21232146594621
"39","C",-0.638046737530063,-1.23674906768848,-0.913772531545405,-1.40646484007943,-1.44904308632954,-1.28501601879354
"40","TG",-0.259243479627243,-0.861976622934394,-0.079515156097389,-0.324568809249099,-0.723955068150567,-1.28501601879354
"41","TG",-1.77445651123852,-1.23674906768848,0.337613531626619,-1.04583282980265,-1.08649907724005,-0.928253520973577
"44","C",-1.01684999543288,-1.23674906768848,-0.496643843821397,-0.324568809249099,-1.08649907724005,-1.28501601879354
"45","TG",-0.638046737530063,-0.112431733426225,-0.079515156097389,-0.324568809249099,-0.361411059061081,-1.28501601879354
"46","C",-0.259243479627243,-0.112431733426225,-0.079515156097389,-1.04583282980265,0.00113295002840458,0.498796470306284
"47","C",0.498363036178398,1.01188560083603,0.337613531626619,-1.04583282980265,-1.08649907724005,-0.928253520973577
"49","TG",-1.77445651123852,-1.23674906768848,-2.16515859471743,-0.324568809249099,-0.361411059061081,-0.571491023153612
"50","C",-1.3956532533357,-0.48720417818031,-0.913772531545405,-1.40646484007943,-1.44904308632954,-1.28501601879354
"51","TG",0.119559778275578,-1.23674906768848,-0.913772531545405,-1.40646484007943,-1.44904308632954,-1.28501601879354
"52","C",-1.3956532533357,-1.23674906768848,-2.16515859471743,-1.40646484007943,-1.44904308632954,-1.28501601879354
"54","C",-1.3956532533357,-0.861976622934394,-1.74802990699342,-1.04583282980265,-1.44904308632954,-1.28501601879354
"56","TG",0.498363036178398,0.262340711327859,0.337613531626619,0.0360632010276775,-0.361411059061081,0.142033972486319
"57","C",0.498363036178398,1.01188560083603,0.337613531626619,0.396695211304454,0.36367695911789,0.498796470306284
"58","C",1.25596955198404,1.7614304903442,1.17187090707464,1.47859124213478,1.45130898638635,1.21232146594621
"60","C",0.498363036178398,1.01188560083603,1.17187090707464,1.47859124213478,1.08876497729686,1.21232146594621
"61","C",-1.3956532533357,0.637113156081943,-0.079515156097389,-0.324568809249099,0.36367695911789,-0.928253520973577
"64","TG",-1.3956532533357,-0.861976622934394,-1.74802990699342,-1.04583282980265,-1.08649907724005,-0.928253520973577
"65","C",-1.3956532533357,0.637113156081943,-0.079515156097389,-1.04583282980265,-1.08649907724005,-1.28501601879354
"66","C",-1.3956532533357,-0.861976622934394,-1.74802990699342,0.0360632010276775,-0.361411059061081,-0.928253520973577
"67","TG",-1.3956532533357,0.637113156081943,-0.079515156097389,0.75732722158123,-0.361411059061081,-0.928253520973577
"68","C",-1.3956532533357,1.38665804559011,1.17187090707464,1.47859124213478,1.45130898638635,1.56908396376618
"69","C",0.119559778275578,-0.112431733426225,-0.079515156097389,0.396695211304454,0.36367695911789,0.498796470306284
"70","C",-1.77445651123852,-1.23674906768848,-1.74802990699342,-1.40646484007943,-1.44904308632954,-1.28501601879354
"72","C",-0.638046737530063,-0.861976622934394,-0.079515156097389,-1.40646484007943,-1.44904308632954,-0.928253520973577
"73","C",-1.77445651123852,-1.23674906768848,-1.74802990699342,-0.324568809249099,-1.44904308632954,0.498796470306284
"75","C",-1.77445651123852,-1.23674906768848,-1.33090121926941,-1.40646484007943,-1.44904308632954,0.142033972486319
"76","TG",-0.638046737530063,-1.23674906768848,-0.079515156097389,-1.04583282980265,-1.08649907724005,-1.28501601879354
"77","C",-1.77445651123852,-1.23674906768848,-1.33090121926941,-1.40646484007943,-1.44904308632954,-1.28501601879354
"78","TG",-1.01684999543288,-1.23674906768848,-1.33090121926941,-1.04583282980265,-1.44904308632954,-0.571491023153612
"79","C",-0.638046737530063,-1.23674906768848,-1.33090121926941,-1.40646484007943,-1.44904308632954,-0.928253520973577
"81","TG",-0.638046737530063,-0.861976622934394,-0.496643843821397,-1.04583282980265,-1.08649907724005,-1.28501601879354
"83","C",-1.01684999543288,-0.112431733426225,-0.079515156097389,-0.324568809249099,-0.361411059061081,0.498796470306284
"84","C",-0.259243479627243,-1.23674906768848,-0.079515156097389,-0.685200819525875,-0.723955068150567,-0.571491023153612
"85","C",0.119559778275578,-0.112431733426225,0.337613531626619,0.0360632010276775,0.00113295002840458,-0.571491023153612
"87","C",-0.638046737530063,0.262340711327859,0.337613531626619,-0.324568809249099,0.726220968207376,0.142033972486319
"88","C",-0.638046737530063,-1.23674906768848,-0.079515156097389,-0.685200819525875,-0.723955068150567,-0.571491023153612
"89","C",-1.01684999543288,-1.23674906768848,-1.74802990699342,0.396695211304454,-0.723955068150567,-0.928253520973577
"90","TG",-1.3956532533357,-0.48720417818031,-1.74802990699342,-1.40646484007943,-1.44904308632954,-0.928253520973577
"91","TG",-1.01684999543288,-1.23674906768848,-1.33090121926941,-0.324568809249099,-0.361411059061081,-0.928253520973577
"92","C",0.877166294081218,1.7614304903442,1.17187090707464,1.47859124213478,1.45130898638635,1.56908396376618
"93","TG",1.25596955198404,1.01188560083603,1.17187090707464,1.11795923185801,1.08876497729686,1.21232146594621
"94","C",0.877166294081218,1.01188560083603,0.754742219350627,0.0360632010276775,-0.361411059061081,1.56908396376618
"95","TG",0.877166294081218,1.01188560083603,0.754742219350627,0.396695211304454,0.36367695911789,1.21232146594621
"97","C",1.25596955198404,1.01188560083603,1.17187090707464,1.11795923185801,1.08876497729686,1.21232146594621
"98","TG",0.877166294081218,1.38665804559011,1.17187090707464,1.11795923185801,1.08876497729686,1.21232146594621
"99","C",-0.638046737530063,1.01188560083603,0.337613531626619,0.0360632010276775,-0.361411059061081,-0.214728525333647
"101","C",0.877166294081218,0.262340711327859,1.17187090707464,0.396695211304454,0.36367695911789,0.142033972486319
"102","TG",-1.77445651123852,-0.861976622934394,-0.913772531545405,-1.40646484007943,-1.44904308632954,-1.28501601879354
"103","C",0.877166294081218,0.262340711327859,0.337613531626619,0.0360632010276775,-0.361411059061081,-0.214728525333647
"104","C",-0.259243479627243,-0.112431733426225,-0.913772531545405,1.11795923185801,1.08876497729686,0.142033972486319
"106","C",0.877166294081218,1.01188560083603,0.337613531626619,0.0360632010276775,0.00113295002840458,0.142033972486319
"107","TG",0.498363036178398,1.01188560083603,0.337613531626619,-0.324568809249099,-0.361411059061081,-0.214728525333647
"108","C",0.119559778275578,0.262340711327859,0.754742219350627,0.0360632010276775,0.00113295002840458,-0.214728525333647
"110","C",0.877166294081218,-0.112431733426225,0.754742219350627,-0.324568809249099,-0.361411059061081,-0.214728525333647
"111","TG",0.877166294081218,0.262340711327859,0.754742219350627,-0.324568809249099,-0.361411059061081,-0.214728525333647
"112","C",-1.01684999543288,-1.23674906768848,-0.913772531545405,-1.40646484007943,-1.08649907724005,-0.928253520973577
"113","C",0.119559778275578,-1.23674906768848,-0.079515156097389,0.396695211304454,0.36367695911789,0.498796470306284
"115","C",-0.638046737530063,-0.861976622934394,0.337613531626619,-0.324568809249099,0.36367695911789,-0.214728525333647
"118","C",-1.3956532533357,-0.861976622934394,-1.74802990699342,-1.40646484007943,-1.44904308632954,-1.28501601879354
"119","C",-0.259243479627243,-0.112431733426225,0.754742219350627,-1.04583282980265,-1.08649907724005,1.21232146594621
"120","TG",-1.3956532533357,-0.861976622934394,-1.74802990699342,-1.04583282980265,-1.08649907724005,-0.928253520973577
"121","C",-1.3956532533357,-0.861976622934394,-0.913772531545405,-1.04583282980265,-1.08649907724005,-1.28501601879354
"122","TG",-1.77445651123852,-0.861976622934394,-1.74802990699342,-1.04583282980265,-1.08649907724005,-0.928253520973577
"123","TG",-1.3956532533357,-0.861976622934394,-1.74802990699342,-1.04583282980265,-1.08649907724005,-0.928253520973577
"124","C",-1.3956532533357,-1.23674906768848,-1.74802990699342,-1.40646484007943,-1.44904308632954,-1.28501601879354
"126","C",-1.3956532533357,-0.861976622934394,-1.74802990699342,-1.04583282980265,-1.08649907724005,-0.928253520973577
"127","TG",-1.3956532533357,-0.861976622934394,-1.74802990699342,-0.324568809249099,-1.08649907724005,-0.928253520973577
"128","C",-1.3956532533357,-0.861976622934394,-1.74802990699342,-1.04583282980265,-1.08649907724005,-0.928253520973577
"130","C",-1.77445651123852,-1.23674906768848,-1.74802990699342,-1.04583282980265,-1.08649907724005,-0.214728525333647
"131","TG",-0.638046737530063,-0.112431733426225,0.337613531626619,-0.685200819525875,0.00113295002840458,-0.214728525333647
"132","C",-1.3956532533357,-0.48720417818031,-0.913772531545405,-1.40646484007943,-1.44904308632954,-1.28501601879354
"133","C",0.877166294081218,-1.23674906768848,0.337613531626619,-0.324568809249099,0.00113295002840458,0.855558968126249
"134","TG",0.498363036178398,-0.112431733426225,0.337613531626619,0.396695211304454,-0.723955068150567,0.498796470306284
"136","C",-0.259243479627243,-1.23674906768848,0.337613531626619,0.0360632010276775,0.36367695911789,-1.28501601879354
"137","C",0.498363036178398,-0.48720417818031,-0.079515156097389,0.396695211304454,0.36367695911789,0.855558968126249
"139","C",-0.638046737530063,0.262340711327859,-0.913772531545405,-0.324568809249099,0.00113295002840458,0.498796470306284
"140","TG",-0.638046737530063,-0.48720417818031,-0.913772531545405,0.75732722158123,0.726220968207376,0.498796470306284
"141","C",-0.638046737530063,-0.861976622934394,-1.33090121926941,-1.04583282980265,-1.08649907724005,-0.928253520973577
"142","TG",0.498363036178398,-0.48720417818031,0.337613531626619,0.75732722158123,1.45130898638635,-0.928253520973577
"143","C",0.498363036178398,-0.48720417818031,0.337613531626619,0.75732722158123,0.36367695911789,0.855558968126249
"144","C",-0.259243479627243,-0.112431733426225,-0.079515156097389,-0.685200819525875,0.00113295002840458,-0.214728525333647
"145","TG",-0.259243479627243,-1.23674906768848,-0.079515156097389,0.396695211304454,0.00113295002840458,0.498796470306284
"146","C",-0.259243479627243,-1.23674906768848,-0.496643843821397,-1.40646484007943,0.00113295002840458,-1.28501601879354
"147","C",0.119559778275578,-0.48720417818031,-0.079515156097389,0.396695211304454,0.00113295002840458,-0.571491023153612
"148","TG",-1.3956532533357,-1.23674906768848,-1.33090121926941,-1.04583282980265,-1.08649907724005,-1.28501601879354
"150","C",1.25596955198404,1.38665804559011,0.754742219350627,1.47859124213478,1.08876497729686,1.21232146594621
"151","TG",-1.3956532533357,-0.861976622934394,-1.74802990699342,-1.40646484007943,-1.44904308632954,-1.28501601879354
"152","TG",-1.3956532533357,-1.23674906768848,-1.74802990699342,-1.40646484007943,NA,-1.28501601879354
"154","C",1.25596955198404,1.38665804559011,1.17187090707464,1.11795923185801,1.45130898638635,0.498796470306284
"155","C",NA,NA,NA,NA,NA,NA
"156","TG",-0.259243479627243,-1.23674906768848,-0.913772531545405,-1.04583282980265,-1.08649907724005,-0.214728525333647
"157","C",NA,NA,NA,NA,NA,NA
"159","C",1.25596955198404,1.01188560083603,1.17187090707464,1.47859124213478,1.45130898638635,NA
"160","TG",-0.259243479627243,-0.48720417818031,-0.496643843821397,-0.685200819525875,-0.361411059061081,-0.928253520973577
"162","C",1.25596955198404,1.38665804559011,1.17187090707464,1.11795923185801,1.45130898638635,0.855558968126249
"163","C",1.25596955198404,1.01188560083603,1.17187090707464,1.47859124213478,1.45130898638635,1.21232146594621
"164","TG",-0.638046737530063,0.262340711327859,-0.079515156097389,0.0360632010276775,-0.723955068150567,-0.928253520973577
"165","C",1.25596955198404,1.38665804559011,1.17187090707464,1.11795923185801,0.726220968207376,1.56908396376618
"166","C",1.25596955198404,1.7614304903442,0.754742219350627,1.47859124213478,1.45130898638635,1.56908396376618
"167","C",1.25596955198404,1.7614304903442,1.17187090707464,1.47859124213478,1.45130898638635,1.56908396376618
"169","C",1.25596955198404,1.7614304903442,1.17187090707464,1.47859124213478,1.45130898638635,1.56908396376618
"170","TG",-0.638046737530063,-0.48720417818031,-0.079515156097389,-0.324568809249099,-0.361411059061081,-0.214728525333647
"171","TG",-0.259243479627243,-0.112431733426225,-0.913772531545405,-0.324568809249099,-0.723955068150567,-0.928253520973577
"172","C",1.25596955198404,1.38665804559011,1.17187090707464,1.47859124213478,1.45130898638635,0.855558968126249
"173","C",1.25596955198404,1.7614304903442,1.17187090707464,1.47859124213478,1.45130898638635,1.56908396376618
"175","TG",NA,NA,NA,NA,NA,NA
"176","C",1.25596955198404,0.637113156081943,1.17187090707464,0.75732722158123,0.726220968207376,0.855558968126249
"178","C",1.25596955198404,1.38665804559011,1.17187090707464,1.11795923185801,0.36367695911789,0.498796470306284
"180","TG",-0.638046737530063,-0.861976622934394,-0.079515156097389,-0.324568809249099,-0.723955068150567,-0.928253520973577
"181","C",1.25596955198404,1.38665804559011,1.17187090707464,1.47859124213478,1.45130898638635,1.56908396376618
"183","TG",0.119559778275578,-0.861976622934394,-0.079515156097389,0.396695211304454,-0.361411059061081,-0.928253520973577
"184","C",0.877166294081218,1.38665804559011,0.754742219350627,0.75732722158123,0.726220968207376,0.498796470306284
"186","C",0.877166294081218,0.637113156081943,1.17187090707464,1.47859124213478,1.45130898638635,0.855558968126249
"187","C",1.25596955198404,1.38665804559011,1.17187090707464,1.47859124213478,1.08876497729686,-0.214728525333647
"188","TG",-0.259243479627243,-0.112431733426225,0.337613531626619,0.0360632010276775,-0.361411059061081,-0.214728525333647
"190","C",1.25596955198404,1.01188560083603,1.17187090707464,1.47859124213478,1.45130898638635,1.21232146594621
"191","C",1.25596955198404,1.01188560083603,1.17187090707464,0.75732722158123,0.726220968207376,0.855558968126249
"193","C",-1.01684999543288,-1.23674906768848,0.337613531626619,-0.685200819525875,-0.723955068150567,-0.214728525333647
"194","TG",-0.259243479627243,-0.48720417818031,-1.33090121926941,-1.40646484007943,-0.361411059061081,-0.571491023153612
"195","C",0.877166294081218,0.637113156081943,1.17187090707464,0.396695211304454,0.726220968207376,0.498796470306284
"196","C",1.25596955198404,1.38665804559011,1.17187090707464,1.47859124213478,1.45130898638635,1.21232146594621
"197","TG",0.119559778275578,-0.48720417818031,-0.079515156097389,0.396695211304454,0.00113295002840458,-0.214728525333647
"198","C",0.498363036178398,0.637113156081943,0.337613531626619,0.396695211304454,0.36367695911789,0.142033972486319
"200","C",1.25596955198404,1.38665804559011,1.17187090707464,1.11795923185801,0.726220968207376,1.56908396376618
"201","TG",0.119559778275578,-0.112431733426225,-0.079515156097389,-0.324568809249099,0.00113295002840458,0.498796470306284
"203","TG",0.119559778275578,-0.112431733426225,-0.496643843821397,-0.324568809249099,-0.361411059061081,-0.928253520973577
"204","C",0.877166294081218,0.637113156081943,1.17187090707464,1.47859124213478,1.45130898638635,1.56908396376618
"206","C",1.25596955198404,1.01188560083603,1.17187090707464,1.47859124213478,1.45130898638635,1.21232146594621
"207","C",1.25596955198404,1.38665804559011,1.17187090707464,1.47859124213478,1.45130898638635,0.855558968126249
"208","TG",-0.638046737530063,-0.48720417818031,-1.74802990699342,-0.324568809249099,-0.361411059061081,-0.214728525333647
"209","C",1.25596955198404,1.01188560083603,1.17187090707464,1.47859124213478,1.08876497729686,1.21232146594621
"211","C",0.877166294081218,0.637113156081943,-0.079515156097389,1.11795923185801,0.36367695911789,0.855558968126249
"213","C",NA,NA,NA,NA,NA,NA
"214","C",1.25596955198404,1.01188560083603,0.754742219350627,0.75732722158123,0.00113295002840458,0.498796470306284
"215","C",-0.638046737530063,-1.23674906768848,-1.33090121926941,-1.04583282980265,-0.361411059061081,-0.571491023153612
"216","C",0.119559778275578,-0.861976622934394,0.754742219350627,-1.04583282980265,-1.08649907724005,-1.28501601879354
"218","C",-0.259243479627243,-0.861976622934394,-0.496643843821397,-1.04583282980265,-1.08649907724005,-0.928253520973577
"219","C",1.25596955198404,0.262340711327859,0.754742219350627,0.396695211304454,0.726220968207376,-0.928253520973577
"220","TG",-1.3956532533357,-0.861976622934394,-0.496643843821397,0.0360632010276775,-0.361411059061081,-0.214728525333647
"221","C",0.498363036178398,-1.23674906768848,-0.913772531545405,-0.685200819525875,-0.723955068150567,0.142033972486319
"222","TG",0.498363036178398,-0.112431733426225,-0.496643843821397,-1.04583282980265,-1.08649907724005,-0.571491023153612
"224","C",-1.3956532533357,-0.861976622934394,-1.74802990699342,-1.04583282980265,-1.08649907724005,-0.928253520973577
"225","C",-0.259243479627243,-0.861976622934394,0.754742219350627,0.75732722158123,0.726220968207376,-0.928253520973577
"226","TG",0.498363036178398,-1.23674906768848,0.337613531626619,0.75732722158123,0.726220968207376,0.855558968126249
"228","TG",-0.259243479627243,-0.48720417818031,-0.079515156097389,-0.685200819525875,1.08876497729686,-0.571491023153612
"229","C",-1.3956532533357,-0.861976622934394,-1.74802990699342,-1.04583282980265,-1.08649907724005,-0.928253520973577
"230","TG",0.498363036178398,-1.23674906768848,0.337613531626619,0.75732722158123,0.726220968207376,0.498796470306284
"231","C",-0.638046737530063,-1.23674906768848,-0.913772531545405,0.396695211304454,0.36367695911789,0.498796470306284
"233","TG",0.498363036178398,-0.861976622934394,-1.33090121926941,-1.04583282980265,-1.08649907724005,-1.28501601879354
"234","C",-1.77445651123852,-1.23674906768848,-0.079515156097389,-1.04583282980265,-1.08649907724005,-0.214728525333647
"235","C",-0.259243479627243,-0.48720417818031,0.337613531626619,-1.40646484007943,0.00113295002840458,-0.571491023153612
"238","C",-0.259243479627243,-0.861976622934394,-0.913772531545405,-1.40646484007943,-1.44904308632954,-0.928253520973577
"239","C",0.498363036178398,-1.23674906768848,-0.496643843821397,-1.04583282980265,-1.08649907724005,-1.28501601879354
"241","TG",0.498363036178398,1.01188560083603,0.337613531626619,0.75732722158123,0.726220968207376,0.855558968126249
"242","TG",0.498363036178398,-0.48720417818031,0.337613531626619,0.75732722158123,0.726220968207376,0.855558968126249
"243","C",0.498363036178398,-0.112431733426225,-0.079515156097389,0.396695211304454,0.36367695911789,0.498796470306284
"244","C",0.498363036178398,-1.23674906768848,-1.74802990699342,-1.40646484007943,-1.44904308632954,-1.28501601879354
"245","C",-1.01684999543288,0.262340711327859,-0.496643843821397,0.0360632010276775,0.726220968207376,0.855558968126249
"247","C",0.498363036178398,0.262340711327859,0.337613531626619,0.75732722158123,0.726220968207376,0.498796470306284
"248","C",-0.638046737530063,-0.112431733426225,-0.913772531545405,-0.685200819525875,-1.08649907724005,-0.928253520973577
"250","TG",-1.01684999543288,-0.861976622934394,-0.913772531545405,-1.40646484007943,-1.44904308632954,-1.28501601879354
"252","C",-1.3956532533357,-0.48720417818031,-0.913772531545405,-1.04583282980265,-1.44904308632954,-0.571491023153612
"253","C",-1.77445651123852,-0.861976622934394,-1.33090121926941,-1.04583282980265,-1.08649907724005,-1.28501601879354
"254","C",0.498363036178398,0.637113156081943,1.17187090707464,0.75732722158123,0.726220968207376,0.498796470306284
"255","TG",-1.3956532533357,-1.23674906768848,-1.33090121926941,-0.685200819525875,-1.44904308632954,-1.28501601879354
"257","C",1.25596955198404,1.38665804559011,1.17187090707464,1.47859124213478,1.45130898638635,1.56908396376618
"258","TG",1.25596955198404,1.01188560083603,1.17187090707464,1.47859124213478,0.726220968207376,1.21232146594621
"259","C",0.877166294081218,1.38665804559011,0.754742219350627,1.11795923185801,1.08876497729686,0.855558968126249
"260","C",NA,NA,NA,NA,NA,NA
"262","C",1.25596955198404,1.01188560083603,1.17187090707464,1.11795923185801,1.45130898638635,1.56908396376618
"264","C",1.25596955198404,1.38665804559011,1.17187090707464,1.47859124213478,1.45130898638635,1.56908396376618
"265","TG",-0.259243479627243,-1.23674906768848,-0.913772531545405,-1.40646484007943,-1.44904308632954,0.142033972486319
"266","TG",NA,NA,NA,NA,NA,NA
"267","C",0.498363036178398,0.637113156081943,1.17187090707464,1.11795923185801,0.726220968207376,0.855558968126249
"268","C",1.25596955198404,0.637113156081943,1.17187090707464,1.47859124213478,1.45130898638635,1.56908396376618
"270","TG",-1.3956532533357,-0.861976622934394,-1.74802990699342,-1.04583282980265,-1.08649907724005,-0.928253520973577
"271","C",-0.638046737530063,-1.23674906768848,-0.913772531545405,-0.324568809249099,-1.44904308632954,-0.571491023153612
"273","TG",0.498363036178398,0.262340711327859,0.754742219350627,0.75732722158123,0.726220968207376,0.855558968126249
"274","C",0.498363036178398,1.01188560083603,0.337613531626619,0.75732722158123,0.726220968207376,0.855558968126249
"275","TG",0.119559778275578,-0.861976622934394,-0.496643843821397,0.75732722158123,-1.08649907724005,-0.571491023153612
"276","TG",-0.259243479627243,-0.861976622934394,-0.496643843821397,-1.40646484007943,-1.44904308632954,-1.28501601879354
"277","C",0.498363036178398,-1.23674906768848,0.337613531626619,0.0360632010276775,0.00113295002840458,0.855558968126249
"279","C",0.498363036178398,-0.861976622934394,0.337613531626619,0.0360632010276775,0.00113295002840458,0.855558968126249
"280","C",0.877166294081218,1.38665804559011,1.17187090707464,0.396695211304454,0.36367695911789,0.498796470306284
"281","TG",0.119559778275578,-0.861976622934394,-1.33090121926941,-0.324568809249099,-0.361411059061081,-0.928253520973577
"283","C",-1.3956532533357,-1.23674906768848,-1.74802990699342,-1.04583282980265,-1.08649907724005,-0.928253520973577
"285","C",0.119559778275578,-0.48720417818031,0.337613531626619,0.75732722158123,0.726220968207376,1.21232146594621
"287","C",0.119559778275578,-0.48720417818031,-0.079515156097389,-0.324568809249099,-1.08649907724005,-0.928253520973577
"289","TG",-1.3956532533357,0.262340711327859,-0.079515156097389,-0.324568809249099,0.00113295002840458,-0.214728525333647
"290","C",-1.01684999543288,-1.23674906768848,-0.079515156097389,-1.40646484007943,-1.44904308632954,0.142033972486319
"292","TG",-0.638046737530063,0.262340711327859,-0.496643843821397,-0.685200819525875,-0.723955068150567,-0.571491023153612
"293","TG",0.498363036178398,0.262340711327859,0.337613531626619,0.75732722158123,0.726220968207376,0.855558968126249
"294","TG",0.498363036178398,0.262340711327859,0.337613531626619,-0.324568809249099,-0.361411059061081,-0.214728525333647
"295","C",-1.77445651123852,-1.23674906768848,-2.16515859471743,-1.40646484007943,-1.44904308632954,-1.28501601879354
"296","C",0.498363036178398,0.262340711327859,0.337613531626619,-0.324568809249099,-0.361411059061081,-1.28501601879354
"297","C",-0.638046737530063,0.262340711327859,-0.496643843821397,0.0360632010276775,0.00113295002840458,-0.214728525333647
"298","TG",-0.638046737530063,-0.112431733426225,-0.913772531545405,-1.04583282980265,-1.08649907724005,-0.928253520973577
"300","C",-0.638046737530063,0.262340711327859,0.337613531626619,-0.324568809249099,-0.361411059061081,-1.28501601879354
"302","C",0.498363036178398,0.262340711327859,0.337613531626619,-0.324568809249099,-0.361411059061081,-0.928253520973577
"303","TG",0.498363036178398,0.262340711327859,0.337613531626619,0.75732722158123,0.726220968207376,-1.28501601879354
"304","C",0.498363036178398,1.01188560083603,0.337613531626619,0.75732722158123,0.726220968207376,0.855558968126249
"306","C",0.498363036178398,-0.112431733426225,0.754742219350627,-0.324568809249099,-0.361411059061081,-0.214728525333647
"307","TG",-1.77445651123852,-0.861976622934394,-0.079515156097389,-0.685200819525875,-0.361411059061081,-1.28501601879354
"309","C",-1.77445651123852,-1.23674906768848,-1.33090121926941,-1.40646484007943,-1.44904308632954,-1.28501601879354
"310","C",-0.638046737530063,-1.23674906768848,-1.74802990699342,-1.40646484007943,-0.723955068150567,-0.928253520973577
"311","C",-1.01684999543288,-1.23674906768848,-0.496643843821397,-1.40646484007943,-1.44904308632954,-1.28501601879354
"313","C",-0.638046737530063,1.01188560083603,0.754742219350627,-0.324568809249099,-0.361411059061081,0.498796470306284
"314","TG",-0.638046737530063,0.262340711327859,0.754742219350627,-1.40646484007943,-1.44904308632954,-0.214728525333647
"315","C",-0.638046737530063,-0.112431733426225,-0.496643843821397,-0.324568809249099,-0.361411059061081,-0.214728525333647
"316","C",-0.259243479627243,-0.861976622934394,-1.74802990699342,-0.685200819525875,-0.361411059061081,0.142033972486319
"317","TG",0.119559778275578,-0.861976622934394,-1.74802990699342,-1.04583282980265,-1.08649907724005,0.498796470306284
"318","C",0.877166294081218,0.637113156081943,-0.496643843821397,0.75732722158123,1.45130898638635,0.142033972486319
"319","TG",-0.638046737530063,-0.112431733426225,0.337613531626619,-0.324568809249099,-0.361411059061081,-0.214728525333647
"320","C",-0.259243479627243,-0.112431733426225,-0.913772531545405,-0.324568809249099,-0.361411059061081,-0.214728525333647
"324","C",-0.638046737530063,-0.112431733426225,-0.913772531545405,-0.324568809249099,-0.361411059061081,-0.214728525333647
"325","C",0.498363036178398,-0.112431733426225,-0.913772531545405,-0.324568809249099,-0.361411059061081,-0.214728525333647
"326","TG",-0.638046737530063,-0.112431733426225,-0.913772531545405,-0.324568809249099,-0.361411059061081,-0.214728525333647
"327","TG",-0.259243479627243,-0.112431733426225,1.17187090707464,-0.324568809249099,-0.361411059061081,-0.214728525333647
"328","C",-0.638046737530063,0.262340711327859,-0.496643843821397,-0.324568809249099,-0.361411059061081,-0.214728525333647
"330","C",-0.259243479627243,0.262340711327859,-0.913772531545405,-0.324568809249099,-0.361411059061081,-0.214728525333647
"332","C",-0.259243479627243,-0.112431733426225,-0.496643843821397,-0.324568809249099,-0.361411059061081,-0.214728525333647
"333","TG",-0.638046737530063,0.637113156081943,-0.496643843821397,-0.324568809249099,-0.361411059061081,-0.214728525333647
"334","C",-0.638046737530063,0.262340711327859,-0.913772531545405,-0.324568809249099,-0.361411059061081,-0.214728525333647
"336","C",-0.638046737530063,0.262340711327859,-0.496643843821397,-0.324568809249099,-0.361411059061081,-0.214728525333647
"338","C",0.498363036178398,1.01188560083603,0.337613531626619,0.75732722158123,0.726220968207376,-0.214728525333647
"339","TG",-0.638046737530063,-0.112431733426225,-0.913772531545405,0.75732722158123,0.726220968207376,-0.214728525333647
"340","C",0.498363036178398,-1.23674906768848,0.337613531626619,0.75732722158123,0.00113295002840458,-0.214728525333647
"342","TG",0.498363036178398,-0.112431733426225,0.337613531626619,-0.324568809249099,-0.361411059061081,-0.214728525333647
"343","C",0.498363036178398,-0.112431733426225,0.337613531626619,-0.324568809249099,-0.361411059061081,-0.214728525333647
"345","C",0.498363036178398,-1.23674906768848,0.337613531626619,0.75732722158123,0.00113295002840458,-0.214728525333647
"346","C",0.498363036178398,-1.23674906768848,0.337613531626619,0.75732722158123,-0.361411059061081,-0.214728525333647
"347","TG",0.498363036178398,-0.112431733426225,0.337613531626619,-0.324568809249099,-0.361411059061081,-0.214728525333647
"348","C",0.498363036178398,-0.112431733426225,0.337613531626619,-0.324568809249099,-0.361411059061081,-0.214728525333647
"350","C",-1.77445651123852,-0.48720417818031,-1.74802990699342,-1.40646484007943,-0.361411059061081,-0.214728525333647
"351","TG",0.119559778275578,1.01188560083603,0.337613531626619,0.75732722158123,0.726220968207376,-0.928253520973577
"352","C",0.877166294081218,-0.861976622934394,0.337613531626619,-1.04583282980265,0.00113295002840458,0.855558968126249
"353","C",0.119559778275578,0.262340711327859,-0.079515156097389,-0.324568809249099,-0.361411059061081,-0.214728525333647
"355","C",0.498363036178398,0.262340711327859,0.337613531626619,-0.324568809249099,-0.361411059061081,-0.214728525333647
"356","TG",0.498363036178398,0.262340711327859,0.337613531626619,0.75732722158123,0.726220968207376,0.855558968126249
"357","C",-0.259243479627243,-0.112431733426225,0.337613531626619,0.75732722158123,0.726220968207376,0.855558968126249
"358","C",0.498363036178398,-0.112431733426225,0.337613531626619,-0.324568809249099,-0.361411059061081,-0.214728525333647
"360","C",-1.01684999543288,-1.23674906768848,-0.496643843821397,-1.40646484007943,0.00113295002840458,-1.28501601879354
"362","TG",-0.638046737530063,-1.23674906768848,0.337613531626619,-1.40646484007943,-0.723955068150567,-1.28501601879354
"363","C",0.498363036178398,-1.23674906768848,-0.079515156097389,-0.685200819525875,-0.723955068150567,0.142033972486319
"364","C",-0.259243479627243,0.262340711327859,-0.913772531545405,-1.04583282980265,-1.08649907724005,-0.571491023153612
"365","TG",-0.259243479627243,-1.23674906768848,-0.079515156097389,-0.685200819525875,-0.361411059061081,0.498796470306284
"366","C",0.498363036178398,-0.48720417818031,-0.496643843821397,0.0360632010276775,0.00113295002840458,0.855558968126249
"367","TG",-0.638046737530063,-0.112431733426225,-0.079515156097389,-1.04583282980265,0.00113295002840458,-0.214728525333647
"368","C",-1.3956532533357,-1.23674906768848,-0.913772531545405,-1.04583282980265,-1.08649907724005,-0.571491023153612
"370","C",0.119559778275578,1.01188560083603,-0.496643843821397,-0.324568809249099,1.08876497729686,-0.214728525333647
"371","C",0.498363036178398,1.01188560083603,0.337613531626619,0.75732722158123,1.45130898638635,1.21232146594621
"374","TG",-0.638046737530063,-0.112431733426225,-0.913772531545405,0.0360632010276775,-0.361411059061081,-0.928253520973577
"375","C",0.498363036178398,1.01188560083603,0.337613531626619,0.0360632010276775,0.726220968207376,0.855558968126249
"376","C",0.877166294081218,1.38665804559011,0.754742219350627,1.11795923185801,1.08876497729686,1.21232146594621
"377","TG",0.877166294081218,1.38665804559011,0.754742219350627,1.11795923185801,0.36367695911789,1.21232146594621
"379","C",-0.638046737530063,-1.23674906768848,0.337613531626619,-1.40646484007943,0.726220968207376,-1.28501601879354
"380","TG",0.119559778275578,-0.112431733426225,-0.496643843821397,0.75732722158123,0.726220968207376,-1.28501601879354
"381","C",0.119559778275578,-1.23674906768848,-0.079515156097389,0.0360632010276775,0.726220968207376,-1.28501601879354
"382","C",-1.77445651123852,-1.23674906768848,-1.74802990699342,0.396695211304454,0.726220968207376,0.855558968126249
"383","C",NA,NA,NA,NA,NA,NA
"385","TG",0.498363036178398,0.262340711327859,-0.079515156097389,0.0360632010276775,0.00113295002840458,-0.928253520973577
"386","C",1.25596955198404,1.01188560083603,1.17187090707464,1.47859124213478,1.45130898638635,0.855558968126249
"388","C",0.498363036178398,0.262340711327859,1.17187090707464,1.47859124213478,1.45130898638635,0.855558968126249
"389","TG",NA,NA,NA,NA,NA,NA
"390","C",1.25596955198404,1.7614304903442,1.17187090707464,1.47859124213478,1.45130898638635,1.56908396376618
"392","C",1.25596955198404,1.7614304903442,1.17187090707464,1.47859124213478,1.45130898638635,1.56908396376618
"393","TG",-0.638046737530063,-0.48720417818031,-0.913772531545405,-0.324568809249099,-0.723955068150567,-0.214728525333647
"394","C",0.498363036178398,0.637113156081943,0.337613531626619,0.75732722158123,0.726220968207376,0.498796470306284
"396","TG",0.498363036178398,-0.48720417818031,-0.496643843821397,1.47859124213478,1.45130898638635,0.142033972486319
"397","C",0.498363036178398,-0.112431733426225,0.337613531626619,-1.40646484007943,0.00113295002840458,-1.28501601879354
"399","TG",-1.3956532533357,-0.112431733426225,-0.496643843821397,-1.40646484007943,0.726220968207376,0.498796470306284
"400","C",-1.77445651123852,-1.23674906768848,-0.496643843821397,0.75732722158123,0.36367695911789,-1.28501601879354
"401","TG",-1.77445651123852,-1.23674906768848,0.337613531626619,0.75732722158123,0.726220968207376,0.855558968126249
"403","C",-1.3956532533357,-0.861976622934394,-1.74802990699342,-1.04583282980265,-1.08649907724005,-0.928253520973577
"404","C",-1.3956532533357,-0.861976622934394,-1.74802990699342,-1.04583282980265,-1.08649907724005,-0.928253520973577
"406","TG",-1.3956532533357,-0.861976622934394,-1.74802990699342,-1.04583282980265,-1.08649907724005,-0.928253520973577
"407","C",0.498363036178398,0.637113156081943,-0.079515156097389,0.75732722158123,-1.44904308632954,-1.28501601879354
"409","TG",-0.638046737530063,-0.48720417818031,-1.33090121926941,-1.04583282980265,-0.723955068150567,-0.571491023153612
"410","C",0.119559778275578,0.637113156081943,-0.079515156097389,0.396695211304454,0.36367695911789,0.142033972486319
"412","C",0.877166294081218,1.38665804559011,0.754742219350627,1.47859124213478,1.45130898638635,1.56908396376618
"413","C",0.877166294081218,1.7614304903442,0.754742219350627,1.11795923185801,1.08876497729686,1.21232146594621
"415","TG",-1.3956532533357,-0.861976622934394,-0.913772531545405,-0.324568809249099,-0.361411059061081,-0.928253520973577
"416","C",0.877166294081218,1.7614304903442,1.17187090707464,0.75732722158123,1.08876497729686,1.21232146594621
"419","TG",-1.77445651123852,-1.23674906768848,1.17187090707464,-1.04583282980265,-1.08649907724005,1.56908396376618
"421","TG",0.877166294081218,-0.861976622934394,0.754742219350627,0.75732722158123,0.726220968207376,0.855558968126249
"422","C",1.25596955198404,0.262340711327859,1.17187090707464,-1.40646484007943,-1.44904308632954,-1.28501601879354
"423","C",0.119559778275578,0.637113156081943,0.754742219350627,1.11795923185801,1.08876497729686,1.21232146594621
"427","C",-1.3956532533357,-1.23674906768848,-1.33090121926941,-0.324568809249099,-0.361411059061081,-0.571491023153612
"428","TG",-1.77445651123852,-1.23674906768848,0.337613531626619,-1.40646484007943,-0.361411059061081,-1.28501601879354
"429","C",-0.638046737530063,-0.112431733426225,-0.496643843821397,-0.324568809249099,-0.361411059061081,-1.28501601879354
"430","C",-1.01684999543288,0.262340711327859,-0.496643843821397,0.75732722158123,0.726220968207376,0.142033972486319
"431","TG",0.498363036178398,1.38665804559011,0.337613531626619,0.396695211304454,0.36367695911789,0.498796470306284
"432","C",-0.638046737530063,-1.23674906768848,-0.496643843821397,-1.40646484007943,-0.361411059061081,-1.28501601879354
"434","C",-0.259243479627243,-1.23674906768848,0.337613531626619,0.0360632010276775,0.726220968207376,-1.28501601879354
"435","TG",0.498363036178398,-1.23674906768848,0.337613531626619,-1.40646484007943,-0.361411059061081,-1.28501601879354
"438","C",-1.77445651123852,-1.23674906768848,-1.33090121926941,-1.40646484007943,-1.44904308632954,-1.28501601879354
"439","C",-1.77445651123852,-1.23674906768848,-1.33090121926941,-1.40646484007943,-1.44904308632954,-1.28501601879354
"440","TG",-0.638046737530063,-0.112431733426225,-0.079515156097389,-1.04583282980265,-0.361411059061081,-0.214728525333647
"441","C",0.119559778275578,0.637113156081943,0.337613531626619,-0.324568809249099,0.36367695911789,0.498796470306284
"442","C",0.877166294081218,-0.112431733426225,-0.079515156097389,0.396695211304454,0.00113295002840458,0.855558968126249
"443","C",-0.259243479627243,-0.112431733426225,-0.079515156097389,-0.324568809249099,-1.08649907724005,-0.928253520973577
"444","C",0.877166294081218,-0.112431733426225,-0.079515156097389,-0.324568809249099,-0.361411059061081,0.855558968126249
"446","C",-0.259243479627243,-0.112431733426225,-0.079515156097389,-0.324568809249099,-0.361411059061081,-0.214728525333647
"447","C",0.498363036178398,-0.112431733426225,-0.913772531545405,-0.324568809249099,-1.08649907724005,0.142033972486319
"449","TG",-1.3956532533357,-1.23674906768848,-2.16515859471743,0.396695211304454,0.00113295002840458,-0.214728525333647
"450","C",-0.259243479627243,-0.861976622934394,0.754742219350627,-0.685200819525875,-1.44904308632954,-1.28501601879354
"451","C",0.498363036178398,0.637113156081943,0.337613531626619,-0.324568809249099,-0.361411059061081,0.142033972486319
"452","C",0.119559778275578,-0.861976622934394,-0.079515156097389,-0.324568809249099,-0.361411059061081,-0.928253520973577
"454","C",0.119559778275578,-0.861976622934394,-0.079515156097389,-0.324568809249099,-1.08649907724005,0.142033972486319
"455","C",0.119559778275578,-1.23674906768848,-0.079515156097389,-0.324568809249099,-0.361411059061081,-0.928253520973577
"456","TG",0.498363036178398,-0.861976622934394,-1.74802990699342,-1.04583282980265,-0.723955068150567,-0.928253520973577
"457","C",0.877166294081218,-0.112431733426225,-0.079515156097389,0.75732722158123,-1.44904308632954,-0.571491023153612
"458","TG",-0.638046737530063,-0.861976622934394,-0.079515156097389,-0.685200819525875,-1.08649907724005,-1.28501601879354
"459","C",0.119559778275578,-0.861976622934394,-1.33090121926941,-1.04583282980265,-1.08649907724005,0.142033972486319
"461","C",0.498363036178398,-0.861976622934394,-0.079515156097389,0.0360632010276775,-0.723955068150567,0.142033972486319
"462","TG",-0.638046737530063,-0.48720417818031,-1.33090121926941,-0.685200819525875,-1.44904308632954,-0.571491023153612
"463","C",0.877166294081218,0.262340711327859,0.337613531626619,-1.04583282980265,-1.08649907724005,0.142033972486319
"467","C",0.877166294081218,0.637113156081943,0.754742219350627,1.47859124213478,1.45130898638635,1.56908396376618
"469","TG",0.119559778275578,-0.48720417818031,-0.496643843821397,-1.04583282980265,-1.44904308632954,-1.28501601879354
"470","C",-0.638046737530063,-1.23674906768848,-0.913772531545405,-1.40646484007943,-1.44904308632954,-1.28501601879354
"472","TG",0.498363036178398,-0.112431733426225,0.337613531626619,0.75732722158123,0.726220968207376,0.142033972486319
"473","C",-0.259243479627243,0.262340711327859,-0.079515156097389,0.0360632010276775,0.00113295002840458,0.142033972486319
"475","TG",-0.638046737530063,-0.48720417818031,-0.496643843821397,-0.324568809249099,-1.08649907724005,-0.928253520973577
"476","C",0.498363036178398,-1.23674906768848,0.337613531626619,0.75732722158123,0.726220968207376,-1.28501601879354
"477","C",-0.638046737530063,-0.48720417818031,0.337613531626619,0.0360632010276775,0.726220968207376,0.142033972486319
"479","TG",-0.638046737530063,-0.861976622934394,-0.913772531545405,-0.324568809249099,-0.361411059061081,0.142033972486319
"481","C",0.498363036178398,1.01188560083603,0.754742219350627,0.75732722158123,0.726220968207376,0.498796470306284
"482","C",1.25596955198404,1.01188560083603,1.17187090707464,1.47859124213478,1.45130898638635,1.56908396376618
"484","C",NA,NA,NA,NA,NA,NA
"485","C",1.25596955198404,1.7614304903442,1.17187090707464,1.47859124213478,1.45130898638635,1.56908396376618
"486","TG",-0.638046737530063,-1.23674906768848,-0.913772531545405,-1.04583282980265,-1.08649907724005,-0.214728525333647
"487","TG",-1.01684999543288,-1.23674906768848,-1.74802990699342,-1.40646484007943,-1.08649907724005,-0.928253520973577
"489","C",-0.638046737530063,-1.23674906768848,0.337613531626619,0.75732722158123,0.726220968207376,-1.28501601879354
"490","TG",-0.638046737530063,-1.23674906768848,0.337613531626619,-1.40646484007943,-0.723955068150567,-1.28501601879354
"491","C",-1.77445651123852,-1.23674906768848,0.337613531626619,-1.40646484007943,-0.723955068150567,-1.28501601879354
"493","C",0.498363036178398,-1.23674906768848,0.337613531626619,0.396695211304454,0.36367695911789,-1.28501601879354
"494","C",-0.638046737530063,-1.23674906768848,0.337613531626619,-1.40646484007943,-1.44904308632954,-0.214728525333647
"495","TG",0.119559778275578,0.262340711327859,0.337613531626619,-1.40646484007943,-1.44904308632954,-1.28501601879354
"498","TG",-1.3956532533357,-0.861976622934394,-0.913772531545405,-1.04583282980265,-1.44904308632954,-1.28501601879354
"499","C",-1.01684999543288,-1.23674906768848,-1.33090121926941,-0.685200819525875,0.726220968207376,-0.571491023153612
"500","C",-0.638046737530063,-0.861976622934394,-0.913772531545405,-1.40646484007943,-1.44904308632954,-1.28501601879354
"501","C",-0.638046737530063,-0.861976622934394,-0.913772531545405,-1.04583282980265,-1.08649907724005,-0.928253520973577
"503","C",1.25596955198404,0.637113156081943,1.17187090707464,1.47859124213478,1.45130898638635,1.21232146594621
"505","C",0.498363036178398,1.01188560083603,1.17187090707464,0.75732722158123,0.726220968207376,1.56908396376618
"506","C",NA,NA,NA,NA,NA,NA
"507","TG",-1.01684999543288,-0.861976622934394,-0.913772531545405,-1.04583282980265,-1.08649907724005,-1.28501601879354
"508","C",1.25596955198404,1.7614304903442,1.17187090707464,1.47859124213478,1.45130898638635,1.56908396376618
"509","TG",-0.638046737530063,-0.861976622934394,0.337613531626619,-0.324568809249099,0.00113295002840458,-0.214728525333647
"511","C",1.25596955198404,1.01188560083603,1.17187090707464,1.47859124213478,1.45130898638635,1.56908396376618
"512","C",1.25596955198404,0.637113156081943,1.17187090707464,0.75732722158123,0.726220968207376,0.855558968126249
"513","C",-1.77445651123852,-1.23674906768848,1.17187090707464,-1.40646484007943,-1.44904308632954,-1.28501601879354
"515","C",0.119559778275578,-0.112431733426225,-0.079515156097389,-0.324568809249099,-0.361411059061081,-1.28501601879354
"516","C",-1.3956532533357,-0.861976622934394,-1.74802990699342,-1.04583282980265,-1.08649907724005,-0.928253520973577
"517","TG",-1.01684999543288,-1.23674906768848,0.337613531626619,-0.324568809249099,-0.361411059061081,-0.928253520973577
"518","TG",0.498363036178398,-0.861976622934394,0.337613531626619,-0.324568809249099,-0.361411059061081,-0.214728525333647
"519","TG",-1.3956532533357,-0.861976622934394,-0.913772531545405,-1.04583282980265,-1.08649907724005,-0.928253520973577
"520","TG",-0.638046737530063,-1.23674906768848,-0.913772531545405,-1.40646484007943,-0.361411059061081,-1.28501601879354
"521","C",-1.77445651123852,-1.23674906768848,-0.496643843821397,-1.40646484007943,-1.44904308632954,-1.28501601879354
"522","C",-1.77445651123852,-0.112431733426225,-0.079515156097389,0.75732722158123,0.726220968207376,-1.28501601879354
"523","TG",-0.259243479627243,-1.23674906768848,-2.16515859471743,-1.40646484007943,-1.44904308632954,-1.28501601879354
"525","C",-0.638046737530063,-1.23674906768848,-0.913772531545405,-1.40646484007943,-0.361411059061081,-1.28501601879354
"527","C",0.877166294081218,0.637113156081943,1.17187090707464,0.75732722158123,1.08876497729686,1.56908396376618
"529","C",NA,NA,NA,NA,NA,NA
"530","TG",-1.77445651123852,-1.23674906768848,-1.33090121926941,-1.40646484007943,-1.44904308632954,-1.28501601879354
"531","TG",0.119559778275578,-0.48720417818031,-0.913772531545405,0.0360632010276775,0.36367695911789,-0.214728525333647
"532","C",1.25596955198404,1.01188560083603,1.17187090707464,1.47859124213478,1.45130898638635,1.21232146594621
"534","C",NA,NA,NA,NA,NA,NA
"536","C",1.25596955198404,0.637113156081943,1.17187090707464,1.47859124213478,1.45130898638635,1.56908396376618
"537","TG",0.119559778275578,-0.861976622934394,-0.079515156097389,-0.324568809249099,-0.361411059061081,-0.928253520973577
"538","C",0.119559778275578,0.637113156081943,0.754742219350627,0.75732722158123,0.726220968207376,0.855558968126249
"539","C",0.877166294081218,0.637113156081943,1.17187090707464,0.75732722158123,1.08876497729686,0.498796470306284
"540","TG",-0.259243479627243,-0.861976622934394,-0.913772531545405,-0.324568809249099,-0.361411059061081,-1.28501601879354
"541","TG",-1.3956532533357,-0.861976622934394,-1.33090121926941,-1.04583282980265,-1.08649907724005,-0.571491023153612
"542","C",1.25596955198404,1.01188560083603,1.17187090707464,0.75732722158123,0.726220968207376,0.855558968126249
"543","TG",1.25596955198404,0.262340711327859,1.17187090707464,0.75732722158123,0.726220968207376,0.142033972486319
"545","C",-1.3956532533357,-0.861976622934394,-1.74802990699342,0.75732722158123,0.726220968207376,-1.28501601879354
"546","TG",0.498363036178398,0.262340711327859,0.337613531626619,1.11795923185801,0.726220968207376,-0.214728525333647
"547","C",1.25596955198404,0.262340711327859,1.17187090707464,1.47859124213478,0.726220968207376,-0.571491023153612
"549","TG",-0.259243479627243,0.262340711327859,1.17187090707464,0.75732722158123,1.45130898638635,0.142033972486319
"550","C",-0.638046737530063,-0.861976622934394,0.337613531626619,-0.685200819525875,-0.723955068150567,-0.928253520973577
"552","C",-1.3956532533357,-0.861976622934394,-1.33090121926941,-1.40646484007943,-1.44904308632954,-1.28501601879354
"553","TG",-0.638046737530063,-0.861976622934394,-0.913772531545405,-1.04583282980265,-1.08649907724005,-1.28501601879354
"555","C",-0.638046737530063,-0.48720417818031,0.337613531626619,-0.685200819525875,-0.723955068150567,-1.28501601879354
"556","C",-1.77445651123852,-1.23674906768848,-0.913772531545405,-1.40646484007943,-1.44904308632954,-1.28501601879354
"558","C",-1.01684999543288,-0.112431733426225,-0.913772531545405,-0.324568809249099,-0.361411059061081,-0.928253520973577
"560","C",-1.77445651123852,-1.23674906768848,-1.74802990699342,-1.40646484007943,-1.44904308632954,-0.928253520973577
"561","C",-1.01684999543288,-0.48720417818031,-0.496643843821397,-0.324568809249099,-0.361411059061081,-0.214728525333647
"562","TG",-1.77445651123852,-1.23674906768848,-2.16515859471743,-1.40646484007943,-1.44904308632954,-1.28501601879354
"563","TG",-0.638046737530063,-0.112431733426225,-0.913772531545405,-0.685200819525875,-0.723955068150567,-0.571491023153612
"564","C",1.25596955198404,1.7614304903442,1.17187090707464,1.47859124213478,1.45130898638635,1.56908396376618
"566","C",0.119559778275578,-0.861976622934394,-0.913772531545405,0.396695211304454,-0.361411059061081,-1.28501601879354
"567","C",0.498363036178398,-0.48720417818031,0.337613531626619,0.75732722158123,0.726220968207376,0.855558968126249
"569","TG",0.119559778275578,-0.48720417818031,1.17187090707464,-1.04583282980265,-1.08649907724005,-0.928253520973577
"570","TG",0.119559778275578,-0.48720417818031,-1.33090121926941,-1.40646484007943,-1.44904308632954,-0.571491023153612
"571","C",-0.259243479627243,-0.112431733426225,-0.079515156097389,-1.40646484007943,-1.44904308632954,-0.928253520973577
"572","C",-1.01684999543288,-1.23674906768848,-1.33090121926941,-1.40646484007943,-1.44904308632954,-1.28501601879354
"575","C",-0.638046737530063,-0.861976622934394,-0.913772531545405,-0.324568809249099,-0.361411059061081,-0.571491023153612
"576","TG",-1.01684999543288,-1.23674906768848,-2.16515859471743,-1.40646484007943,-1.44904308632954,-0.571491023153612
"577","C",-1.01684999543288,-0.48720417818031,-0.913772531545405,-1.40646484007943,-1.44904308632954,-1.28501601879354
"578","C",-0.638046737530063,-1.23674906768848,-0.913772531545405,-1.04583282980265,-0.361411059061081,-0.928253520973577
"580","C",-1.77445651123852,-1.23674906768848,-2.16515859471743,-1.40646484007943,-1.44904308632954,-1.28501601879354
"581","TG",-1.77445651123852,-1.23674906768848,-2.16515859471743,-1.40646484007943,-1.44904308632954,-1.28501601879354
"584","TG",-1.3956532533357,-1.23674906768848,-1.74802990699342,-1.04583282980265,-1.08649907724005,-0.928253520973577
"585","C",-1.3956532533357,-1.23674906768848,-1.74802990699342,-1.40646484007943,-1.44904308632954,-1.28501601879354
"586","C",-1.77445651123852,-1.23674906768848,-2.16515859471743,-1.40646484007943,-1.44904308632954,-1.28501601879354
"587","C",-1.77445651123852,-1.23674906768848,-2.16515859471743,-1.40646484007943,-1.44904308632954,-1.28501601879354
"588","TG",-1.77445651123852,-1.23674906768848,-2.16515859471743,-1.40646484007943,-1.44904308632954,-1.28501601879354
"589","C",-1.77445651123852,-1.23674906768848,-2.16515859471743,-1.40646484007943,-1.44904308632954,-1.28501601879354
"590","TG",-1.77445651123852,-1.23674906768848,-2.16515859471743,-1.40646484007943,-1.44904308632954,-1.28501601879354
"591","C",-1.77445651123852,-1.23674906768848,-2.16515859471743,-1.40646484007943,-1.44904308632954,-1.28501601879354
"593","C",-1.77445651123852,-1.23674906768848,-2.16515859471743,-1.40646484007943,-1.44904308632954,-1.28501601879354
"594","TG",-1.77445651123852,-1.23674906768848,-2.16515859471743,-1.40646484007943,-1.44904308632954,-1.28501601879354
"595","C",0.877166294081218,1.38665804559011,0.754742219350627,1.47859124213478,1.45130898638635,1.56908396376618
"596","TG",-0.638046737530063,-0.112431733426225,-0.913772531545405,-1.04583282980265,-1.08649907724005,-0.928253520973577
"597","C",1.25596955198404,1.01188560083603,1.17187090707464,0.75732722158123,0.726220968207376,1.21232146594621
"599","C",0.498363036178398,1.01188560083603,0.337613531626619,0.75732722158123,0.726220968207376,1.56908396376618
"600","TG",-1.01684999543288,-1.23674906768848,-0.496643843821397,-0.685200819525875,-0.723955068150567,-0.571491023153612
"602","C",0.498363036178398,0.262340711327859,0.337613531626619,0.75732722158123,0.726220968207376,0.855558968126249
"603","TG",-0.259243479627243,0.262340711327859,-0.496643843821397,0.0360632010276775,0.00113295002840458,-0.571491023153612
"604","C",0.498363036178398,1.01188560083603,0.337613531626619,0.75732722158123,1.08876497729686,0.855558968126249
"606","C",1.25596955198404,1.01188560083603,0.337613531626619,0.75732722158123,0.726220968207376,0.142033972486319
"607","C",0.498363036178398,1.01188560083603,0.337613531626619,0.75732722158123,0.726220968207376,0.855558968126249
"609","C",1.25596955198404,1.38665804559011,1.17187090707464,1.47859124213478,1.45130898638635,0.855558968126249
"611","TG",-0.638046737530063,-0.112431733426225,-0.496643843821397,-0.324568809249099,-0.361411059061081,-0.214728525333647
"612","C",1.25596955198404,1.7614304903442,1.17187090707464,0.396695211304454,0.36367695911789,0.498796470306284
"614","C",1.25596955198404,1.7614304903442,1.17187090707464,1.11795923185801,1.08876497729686,0.855558968126249
"615","TG",0.119559778275578,-0.112431733426225,-0.079515156097389,-0.324568809249099,-0.723955068150567,-0.571491023153612
"617","C",1.25596955198404,1.7614304903442,1.17187090707464,1.47859124213478,1.45130898638635,1.56908396376618
"619","TG",-0.259243479627243,0.262340711327859,-0.496643843821397,-0.685200819525875,-0.723955068150567,-0.571491023153612
"620","C",1.25596955198404,1.7614304903442,1.17187090707464,1.47859124213478,1.45130898638635,1.56908396376618
"622","C",1.25596955198404,1.01188560083603,1.17187090707464,0.75732722158123,0.726220968207376,0.855558968126249
"623","C",1.25596955198404,1.7614304903442,1.17187090707464,1.47859124213478,1.45130898638635,1.56908396376618
"624","TG",-0.259243479627243,0.262340711327859,-0.496643843821397,-0.685200819525875,-0.723955068150567,-0.571491023153612
"625","C",1.25596955198404,1.7614304903442,1.17187090707464,1.47859124213478,1.45130898638635,1.56908396376618
"628","C",0.877166294081218,1.38665804559011,1.17187090707464,0.75732722158123,0.726220968207376,0.855558968126249
"630","C",1.25596955198404,1.7614304903442,1.17187090707464,1.47859124213478,1.45130898638635,1.56908396376618
"631","C",1.25596955198404,1.38665804559011,1.17187090707464,0.396695211304454,0.36367695911789,0.498796470306284
"632","TG",0.119559778275578,-0.48720417818031,-0.496643843821397,-1.04583282980265,-1.08649907724005,-0.928253520973577
"633","C",1.25596955198404,1.01188560083603,1.17187090707464,0.75732722158123,0.726220968207376,0.855558968126249
"635","C",1.25596955198404,1.01188560083603,1.17187090707464,0.75732722158123,0.726220968207376,0.855558968126249
"636","TG",-0.638046737530063,-0.861976622934394,-0.913772531545405,-1.04583282980265,-1.08649907724005,-0.928253520973577
"639","TG",0.498363036178398,-0.112431733426225,-0.079515156097389,-0.324568809249099,0.36367695911789,0.498796470306284
"640","C",-0.638046737530063,-0.112431733426225,-0.913772531545405,-0.324568809249099,-0.361411059061081,-0.928253520973577
"642","C",-0.259243479627243,-0.48720417818031,-0.496643843821397,-0.685200819525875,-0.723955068150567,-0.571491023153612
"644","C",0.119559778275578,1.01188560083603,0.337613531626619,0.75732722158123,0.726220968207376,0.855558968126249
"646","TG",-0.259243479627243,0.262340711327859,0.337613531626619,0.0360632010276775,0.00113295002840458,0.142033972486319
"647","C",1.25596955198404,0.262340711327859,1.17187090707464,0.0360632010276775,0.00113295002840458,0.142033972486319
"649","C",1.25596955198404,1.01188560083603,1.17187090707464,0.75732722158123,0.726220968207376,0.855558968126249
"650","C",0.498363036178398,1.7614304903442,1.17187090707464,1.47859124213478,1.45130898638635,1.56908396376618
"651","TG",-1.01684999543288,-0.48720417818031,-1.33090121926941,-0.685200819525875,-0.723955068150567,-0.571491023153612
"652","TG",-1.01684999543288,-1.23674906768848,-0.496643843821397,-0.685200819525875,-0.723955068150567,-1.28501601879354
"653","C",0.498363036178398,0.262340711327859,1.17187090707464,0.75732722158123,0.726220968207376,0.855558968126249
"655","C",1.25596955198404,0.262340711327859,1.17187090707464,0.0360632010276775,0.00113295002840458,0.142033972486319
"656","C",1.25596955198404,1.01188560083603,1.17187090707464,1.47859124213478,1.45130898638635,1.56908396376618
"657","TG",-0.259243479627243,-0.48720417818031,-1.33090121926941,-0.685200819525875,-0.723955068150567,-0.571491023153612
"658","C",1.25596955198404,1.01188560083603,1.17187090707464,0.75732722158123,0.726220968207376,0.855558968126249
"659","C",-0.638046737530063,-0.112431733426225,-0.913772531545405,-1.04583282980265,-1.44904308632954,-1.28501601879354
"660","TG",-1.01684999543288,-0.48720417818031,-0.496643843821397,-0.685200819525875,-0.723955068150567,-0.571491023153612
"661","C",0.119559778275578,-0.48720417818031,0.337613531626619,0.75732722158123,0.00113295002840458,-0.571491023153612
"663","C",-0.638046737530063,-0.861976622934394,-0.913772531545405,0.0360632010276775,-0.361411059061081,0.855558968126249
"664","TG",-1.77445651123852,-1.23674906768848,-0.496643843821397,-1.04583282980265,-1.44904308632954,-1.28501601879354
"665","C",-1.3956532533357,-0.861976622934394,-1.74802990699342,-1.04583282980265,-1.08649907724005,-0.928253520973577
"667","C",0.119559778275578,0.262340711327859,-0.496643843821397,0.0360632010276775,0.00113295002840458,0.142033972486319
"668","C",-0.259243479627243,-1.23674906768848,-0.496643843821397,0.0360632010276775,0.00113295002840458,-0.214728525333647
"671","C",-1.3956532533357,-1.23674906768848,-1.33090121926941,-1.04583282980265,-1.08649907724005,-1.28501601879354
